{"v":"4.8.0","meta":{"g":"LottieFiles AE 1.0.0","a":"","k":"","d":"","tc":"none"},"fr":60,"ip":0,"op":120,"w":220,"h":220,"nm":"Bank_History","ddd":0,"assets":[],"layers":[{"ddd":0,"ind":1,"ty":4,"nm":"Big needle","parent":3,"sr":1,"ks":{"o":{"a":0,"k":100,"ix":11},"r":{"a":1,"k":[{"i":{"x":[0.667],"y":[1]},"o":{"x":[0.333],"y":[0]},"t":0,"s":[0]},{"t":40,"s":[360]}],"ix":10},"p":{"a":0,"k":[-34.787,158.328,0],"ix":2},"a":{"a":0,"k":[75.213,268.328,0],"ix":1},"s":{"a":0,"k":[100,100,100],"ix":6}},"ao":0,"shapes":[{"ty":"gr","it":[{"ind":0,"ty":"sh","ix":1,"ks":{"a":0,"k":{"i":[[1.657,0],[0,1.657],[0,0],[-1.657,0],[0,-1.657],[0,0]],"o":[[-1.657,0],[0,0],[0,-1.657],[1.657,0],[0,0],[0,1.657]],"v":[[0,10.5],[-3,7.5],[-3,-7.5],[0,-10.5],[3,-7.5],[3,7.5]],"c":true},"ix":2},"nm":"Path 1","mn":"ADBE Vector Shape - Group","hd":false},{"ty":"fl","c":{"a":0,"k":[0.27450980392156865,0.5686274509803921,0.984313725490196,1],"ix":4},"o":{"a":0,"k":100,"ix":5},"r":1,"bm":0,"nm":"Fill 1","mn":"ADBE Vector Graphic - Fill","hd":false},{"ty":"tr","p":{"a":0,"k":[75.15,260.766],"ix":2},"a":{"a":0,"k":[0,0],"ix":1},"s":{"a":0,"k":[100,100],"ix":3},"r":{"a":0,"k":0,"ix":6},"o":{"a":0,"k":100,"ix":7},"sk":{"a":0,"k":0,"ix":4},"sa":{"a":0,"k":0,"ix":5},"nm":"Transform"}],"nm":"Group 2","np":2,"cix":2,"bm":0,"ix":1,"mn":"ADBE Vector Group","hd":false}],"ip":0,"op":120,"st":0,"bm":0},{"ddd":0,"ind":2,"ty":4,"nm":"Small needle","parent":3,"sr":1,"ks":{"o":{"a":0,"k":100,"ix":11},"r":{"a":0,"k":0,"ix":10},"p":{"a":0,"k":[-34.787,158.328,0],"ix":2},"a":{"a":0,"k":[75.213,268.328,0],"ix":1},"s":{"a":0,"k":[100,100,100],"ix":6}},"ao":0,"shapes":[{"ty":"gr","it":[{"ind":0,"ty":"sh","ix":1,"ks":{"a":0,"k":{"i":[[1.657,0],[0,0],[0,1.657],[-1.657,0],[0,0],[0,-1.657]],"o":[[0,0],[-1.657,0],[0,-1.657],[0,0],[1.657,0],[0,1.657]],"v":[[5.5,3],[-5.5,3],[-8.5,0],[-5.5,-3],[5.5,-3],[8.5,0]],"c":true},"ix":2},"nm":"Path 1","mn":"ADBE Vector Shape - Group","hd":false},{"ty":"fl","c":{"a":0,"k":[0.27450980392156865,0.5686274509803921,0.984313725490196,1],"ix":4},"o":{"a":0,"k":100,"ix":5},"r":1,"bm":0,"nm":"Fill 1","mn":"ADBE Vector Graphic - Fill","hd":false},{"ty":"tr","p":{"a":0,"k":[80.65,268.266],"ix":2},"a":{"a":0,"k":[0,0],"ix":1},"s":{"a":0,"k":[100,100],"ix":3},"r":{"a":0,"k":0,"ix":6},"o":{"a":0,"k":100,"ix":7},"sk":{"a":0,"k":0,"ix":4},"sa":{"a":0,"k":0,"ix":5},"nm":"Transform"}],"nm":"Group 1","np":2,"cix":2,"bm":0,"ix":1,"mn":"ADBE Vector Group","hd":false}],"ip":0,"op":120,"st":0,"bm":0},{"ddd":0,"ind":3,"ty":4,"nm":"Clock","sr":1,"ks":{"o":{"a":0,"k":100,"ix":11},"r":{"a":0,"k":0,"ix":10},"p":{"a":0,"k":[129.15,135.266,0],"ix":2},"a":{"a":0,"k":[-34.85,158.266,0],"ix":1},"s":{"a":1,"k":[{"i":{"x":[0.833,0.833,0.833],"y":[0.833,0.833,0.833]},"o":{"x":[0.167,0.167,0.167],"y":[0.167,0.167,0.167]},"t":0,"s":[100,100,100]},{"i":{"x":[0.833,0.833,0.833],"y":[0.833,0.833,0.833]},"o":{"x":[0.167,0.167,0.167],"y":[0.167,0.167,0.167]},"t":4,"s":[100,77,100]},{"i":{"x":[0.833,0.833,0.833],"y":[0.833,0.833,0.833]},"o":{"x":[0.167,0.167,0.167],"y":[0.167,0.167,0.167]},"t":10,"s":[111,111,100]},{"i":{"x":[0.833,0.833,0.833],"y":[0.833,0.833,0.833]},"o":{"x":[0.167,0.167,0.167],"y":[0.167,0.167,0.167]},"t":20,"s":[100,100,100]},{"t":40,"s":[100,100,100]}],"ix":6}},"ao":0,"shapes":[{"ty":"gr","it":[{"ind":0,"ty":"sh","ix":1,"ks":{"a":0,"k":{"i":[[12.683,0],[0,-12.683],[-12.683,0],[0,12.683]],"o":[[-12.683,0],[0,12.683],[12.683,0],[0,-12.683]],"v":[[-34.85,135.266],[-57.85,158.266],[-34.85,181.266],[-11.85,158.266]],"c":true},"ix":2},"nm":"Path 1","mn":"ADBE Vector Shape - Group","hd":false},{"ind":1,"ty":"sh","ix":2,"ks":{"a":0,"k":{"i":[[15.99,0],[0,15.99],[-15.99,0],[0,-15.99]],"o":[[-15.99,0],[0,-15.99],[15.99,0],[0,15.99]],"v":[[-34.85,187.266],[-63.85,158.266],[-34.85,129.266],[-5.85,158.266]],"c":true},"ix":2},"nm":"Path 2","mn":"ADBE Vector Shape - Group","hd":false},{"ty":"fl","c":{"a":0,"k":[0.27450980392156865,0.5686274509803921,0.984313725490196,1],"ix":4},"o":{"a":0,"k":100,"ix":5},"r":1,"bm":0,"nm":"Fill 1","mn":"ADBE Vector Graphic - Fill","hd":false},{"ty":"tr","p":{"a":0,"k":[0,0],"ix":2},"a":{"a":0,"k":[0,0],"ix":1},"s":{"a":0,"k":[100,100],"ix":3},"r":{"a":0,"k":0,"ix":6},"o":{"a":0,"k":100,"ix":7},"sk":{"a":0,"k":0,"ix":4},"sa":{"a":0,"k":0,"ix":5},"nm":"Transform"}],"nm":"Group 1","np":3,"cix":2,"bm":0,"ix":1,"mn":"ADBE Vector Group","hd":false}],"ip":0,"op":120,"st":0,"bm":0},{"ddd":0,"ind":4,"ty":4,"nm":"Paper","sr":1,"ks":{"o":{"a":0,"k":100,"ix":11},"r":{"a":0,"k":0,"ix":10},"p":{"a":0,"k":[98.89,100.81,0],"ix":2},"a":{"a":0,"k":[44.89,104.31,0],"ix":1},"s":{"a":0,"k":[100,100,100],"ix":6}},"ao":0,"shapes":[{"ty":"gr","it":[{"ind":0,"ty":"sh","ix":1,"ks":{"a":1,"k":[{"i":{"x":0.833,"y":0.833},"o":{"x":0.167,"y":0.167},"t":0,"s":[{"i":[[1.657,0],[0,0],[0,1.657],[-1.657,0],[0,0],[0,-1.657]],"o":[[0,0],[-1.657,0],[0,-1.657],[0,0],[1.657,0],[0,1.657]],"v":[[15.884,3],[-15.884,3],[-18.884,0],[-15.884,-3],[15.884,-3],[18.884,0]],"c":true}]},{"i":{"x":0.833,"y":0.833},"o":{"x":0.167,"y":0.167},"t":4,"s":[{"i":[[1.657,0],[0,0],[0,1.657],[-1.657,0],[0,0],[0,-1.657]],"o":[[0,0],[-1.657,0],[0,-1.657],[0,0],[1.657,0],[0,1.657]],"v":[[15.884,3],[-15.884,3],[-18.884,0],[-15.884,-3],[15.884,-3],[18.884,0]],"c":true}]},{"i":{"x":0.833,"y":0.833},"o":{"x":0.167,"y":0.167},"t":10,"s":[{"i":[[1.657,0],[0,0],[0,1.657],[-1.657,0],[0,0],[0,-1.657]],"o":[[0,0],[-1.657,0],[0,-1.657],[0,0],[1.657,0],[0,1.657]],"v":[[12.759,3],[-15.884,3],[-18.884,0],[-15.884,-3],[12.759,-3],[15.759,0]],"c":true}]},{"t":20,"s":[{"i":[[1.657,0],[0,0],[0,1.657],[-1.657,0],[0,0],[0,-1.657]],"o":[[0,0],[-1.657,0],[0,-1.657],[0,0],[1.657,0],[0,1.657]],"v":[[15.884,3],[-15.884,3],[-18.884,0],[-15.884,-3],[15.884,-3],[18.884,0]],"c":true}]}],"ix":2},"nm":"Path 1","mn":"ADBE Vector Shape - Group","hd":false},{"ty":"fl","c":{"a":0,"k":[0,0,0,1],"ix":4},"o":{"a":0,"k":100,"ix":5},"r":1,"bm":0,"nm":"Fill 1","mn":"ADBE Vector Graphic - Fill","hd":false},{"ty":"tr","p":{"a":0,"k":[38.267,122.028],"ix":2},"a":{"a":0,"k":[0,0],"ix":1},"s":{"a":0,"k":[100,100],"ix":3},"r":{"a":0,"k":0,"ix":6},"o":{"a":0,"k":100,"ix":7},"sk":{"a":0,"k":0,"ix":4},"sa":{"a":0,"k":0,"ix":5},"nm":"Transform"}],"nm":"Group 1","np":2,"cix":2,"bm":0,"ix":1,"mn":"ADBE Vector Group","hd":false},{"ty":"gr","it":[{"ind":0,"ty":"sh","ix":1,"ks":{"a":0,"k":{"i":[[1.657,0],[0,0],[0,1.657],[-1.657,0],[0,0],[0,-1.657]],"o":[[0,0],[-1.657,0],[0,-1.657],[0,0],[1.657,0],[0,1.657]],"v":[[22.507,3],[-22.507,3],[-25.507,0],[-22.507,-3],[22.507,-3],[25.507,0]],"c":true},"ix":2},"nm":"Path 1","mn":"ADBE Vector Shape - Group","hd":false},{"ty":"fl","c":{"a":0,"k":[0,0,0,1],"ix":4},"o":{"a":0,"k":100,"ix":5},"r":1,"bm":0,"nm":"Fill 1","mn":"ADBE Vector Graphic - Fill","hd":false},{"ty":"tr","p":{"a":0,"k":[44.89,100.958],"ix":2},"a":{"a":0,"k":[0,0],"ix":1},"s":{"a":0,"k":[100,100],"ix":3},"r":{"a":0,"k":0,"ix":6},"o":{"a":0,"k":100,"ix":7},"sk":{"a":0,"k":0,"ix":4},"sa":{"a":0,"k":0,"ix":5},"nm":"Transform"}],"nm":"Group 2","np":2,"cix":2,"bm":0,"ix":2,"mn":"ADBE Vector Group","hd":false},{"ty":"gr","it":[{"ind":0,"ty":"sh","ix":1,"ks":{"a":0,"k":{"i":[[1.657,0],[0,0],[0,1.657],[-1.657,0],[0,0],[0,-1.657]],"o":[[0,0],[-1.657,0],[0,-1.657],[0,0],[1.657,0],[0,1.657]],"v":[[22.507,3],[-22.507,3],[-25.507,0],[-22.507,-3],[22.507,-3],[25.507,0]],"c":true},"ix":2},"nm":"Path 1","mn":"ADBE Vector Shape - Group","hd":false},{"ty":"fl","c":{"a":0,"k":[0,0,0,1],"ix":4},"o":{"a":0,"k":100,"ix":5},"r":1,"bm":0,"nm":"Fill 1","mn":"ADBE Vector Graphic - Fill","hd":false},{"ty":"tr","p":{"a":0,"k":[44.89,79.887],"ix":2},"a":{"a":0,"k":[0,0],"ix":1},"s":{"a":0,"k":[100,100],"ix":3},"r":{"a":0,"k":0,"ix":6},"o":{"a":0,"k":100,"ix":7},"sk":{"a":0,"k":0,"ix":4},"sa":{"a":0,"k":0,"ix":5},"nm":"Transform"}],"nm":"Group 3","np":2,"cix":2,"bm":0,"ix":3,"mn":"ADBE Vector Group","hd":false},{"ty":"gr","it":[{"ind":0,"ty":"sh","ix":1,"ks":{"a":1,"k":[{"i":{"x":0.833,"y":0.833},"o":{"x":0.167,"y":0.167},"t":0,"s":[{"i":[[0,0],[0,0],[0,9.925],[0,0],[-9.925,0],[0,0],[0,-9.925],[0,0],[0,0],[0,0],[6.617,0],[0,0],[0,-6.617],[0,0],[-6.617,0],[0,0]],"o":[[0,0],[-9.925,0],[0,0],[0,-9.925],[0,0],[9.925,0],[0,0],[0,0],[0,0],[0,-6.617],[0,0],[-6.617,0],[0,0],[0,6.617],[0,0],[0,0]],"v":[[6.131,47.535],[-19,47.535],[-37,29.535],[-37,-29.535],[-19,-47.535],[19,-47.535],[37,-29.535],[37,8.555],[31,8.555],[31,-29.535],[19,-41.535],[-19,-41.535],[-31,-29.535],[-31,29.535],[-19,41.535],[6.131,41.535]],"c":true}]},{"i":{"x":0.833,"y":0.833},"o":{"x":0.167,"y":0.167},"t":4,"s":[{"i":[[0,0],[0,0],[0,9.925],[0,0],[-9.925,0],[0,0],[0,-9.925],[0,0],[0,0],[0,0],[6.617,0],[0,0],[0,-6.617],[0,0],[-6.617,0],[0,0]],"o":[[0,0],[-9.925,0],[0,0],[0,-9.925],[0,0],[9.925,0],[0,0],[0,0],[0,0],[0,-6.617],[0,0],[-6.617,0],[0,0],[0,6.617],[0,0],[0,0]],"v":[[6.131,47.535],[-19,47.535],[-37,29.535],[-37,-29.535],[-19,-47.535],[19,-47.535],[37,-29.535],[37,15.555],[31,15.555],[31,-29.535],[19,-41.535],[-19,-41.535],[-31,-29.535],[-31,29.535],[-19,41.535],[6.131,41.535]],"c":true}]},{"t":10,"s":[{"i":[[0,0],[0,0],[0,9.925],[0,0],[-9.925,0],[0,0],[0,-9.925],[0,0],[0,0],[0,0],[6.617,0],[0,0],[0,-6.617],[0,0],[-6.617,0],[0,0]],"o":[[0,0],[-9.925,0],[0,0],[0,-9.925],[0,0],[9.925,0],[0,0],[0,0],[0,0],[0,-6.617],[0,0],[-6.617,0],[0,0],[0,6.617],[0,0],[0,0]],"v":[[6.131,47.535],[-19,47.535],[-37,29.535],[-37,-29.535],[-19,-47.535],[19,-47.535],[37,-29.535],[37,8.555],[31,8.555],[31,-29.535],[19,-41.535],[-19,-41.535],[-31,-29.535],[-31,29.535],[-19,41.535],[6.131,41.535]],"c":true}]}],"ix":2},"nm":"Path 1","mn":"ADBE Vector Shape - Group","hd":false},{"ty":"fl","c":{"a":0,"k":[0.27450980392156865,0.5686274509803921,0.984313725490196,1],"ix":4},"o":{"a":0,"k":100,"ix":5},"r":1,"bm":0,"nm":"Fill 1","mn":"ADBE Vector Graphic - Fill","hd":false},{"ty":"tr","p":{"a":0,"k":[44.89,104.31],"ix":2},"a":{"a":0,"k":[0,0],"ix":1},"s":{"a":0,"k":[100,100],"ix":3},"r":{"a":0,"k":0,"ix":6},"o":{"a":0,"k":100,"ix":7},"sk":{"a":0,"k":0,"ix":4},"sa":{"a":0,"k":0,"ix":5},"nm":"Transform"}],"nm":"Group 4","np":2,"cix":2,"bm":0,"ix":4,"mn":"ADBE Vector Group","hd":false}],"ip":0,"op":120,"st":0,"bm":0}],"markers":[]}