{"v":"5.4.4","fr":23.9759979248047,"ip":0,"op":71.9999937681822,"w":300,"h":200,"nm":"clock_inout","ddd":0,"assets":[{"id":"comp_0","layers":[{"ddd":0,"ind":1,"ty":4,"nm":"pointer Outlines","sr":1,"ks":{"o":{"a":0,"k":100,"ix":11},"r":{"a":0,"k":0,"ix":10},"p":{"a":0,"k":[177.944,144.193,0],"ix":2},"a":{"a":0,"k":[23.313,32.443,0],"ix":1},"s":{"a":0,"k":[100,100,100],"ix":6}},"ao":0,"shapes":[{"ty":"gr","it":[{"ind":0,"ty":"sh","ix":1,"ks":{"a":0,"k":{"i":[[0,-4.903],[4.902,0],[0,4.903],[-4.903,0]],"o":[[0,4.903],[-4.903,0],[0,-4.903],[4.902,0]],"v":[[8.877,0],[0,8.877],[-8.877,0],[0,-8.877]],"c":true},"ix":2},"nm":"Path 1","mn":"ADBE Vector Shape - Group","hd":false},{"ty":"fl","c":{"a":1,"k":[{"i":{"x":[0.833],"y":[0.833]},"o":{"x":[0.167],"y":[0.167]},"t":4,"s":[0.219607844949,0.219607844949,0.219607844949,1],"e":[0.015686275437,0.313725501299,0.329411774874,1]},{"i":{"x":[0.833],"y":[0.833]},"o":{"x":[0.167],"y":[0.167]},"t":12,"s":[0.015686275437,0.313725501299,0.329411774874,1],"e":[0.015686275437,0.313725501299,0.329411774874,1]},{"i":{"x":[0.833],"y":[0.833]},"o":{"x":[0.167],"y":[0.167]},"t":40,"s":[0.015686275437,0.313725501299,0.329411774874,1],"e":[0.219607844949,0.219607844949,0.219607844949,1]},{"t":47.9999958454548}],"ix":4},"o":{"a":0,"k":100,"ix":5},"r":1,"bm":0,"nm":"Fill 1","mn":"ADBE Vector Graphic - Fill","hd":false},{"ty":"tr","p":{"a":0,"k":[29.08,38.25],"ix":2},"a":{"a":0,"k":[0,0],"ix":1},"s":{"a":0,"k":[100,100],"ix":3},"r":{"a":0,"k":0,"ix":6},"o":{"a":0,"k":100,"ix":7},"sk":{"a":0,"k":0,"ix":4},"sa":{"a":0,"k":0,"ix":5},"nm":"Transform"}],"nm":"center circle","np":2,"cix":2,"bm":0,"ix":1,"mn":"ADBE Vector Group","hd":false},{"ty":"gr","it":[{"ind":0,"ty":"sh","ix":1,"ks":{"a":0,"k":{"i":[[1.242,-0.717],[0,0],[0.718,1.243],[0,0],[-1.242,0.717],[0,0],[-0.718,-1.242],[0,0]],"o":[[0,0],[-1.242,0.718],[0,0],[-0.718,-1.242],[0,0],[1.242,-0.717],[0,0],[0.717,1.243]],"v":[[7.965,10.99],[5.535,12.392],[1.986,11.441],[-8.915,-7.442],[-7.965,-10.99],[-5.536,-12.393],[-1.987,-11.442],[8.915,7.441]],"c":true},"ix":2},"nm":"Path 1","mn":"ADBE Vector Shape - Group","hd":false},{"ty":"fl","c":{"a":1,"k":[{"i":{"x":[0.833],"y":[0.833]},"o":{"x":[0.167],"y":[0.167]},"t":4,"s":[0.219607844949,0.219607844949,0.219607844949,1],"e":[0.015686275437,0.313725501299,0.329411774874,1]},{"i":{"x":[0.833],"y":[0.833]},"o":{"x":[0.167],"y":[0.167]},"t":12,"s":[0.015686275437,0.313725501299,0.329411774874,1],"e":[0.015686275437,0.313725501299,0.329411774874,1]},{"i":{"x":[0.833],"y":[0.833]},"o":{"x":[0.167],"y":[0.167]},"t":40,"s":[0.015686275437,0.313725501299,0.329411774874,1],"e":[0.219607844949,0.219607844949,0.219607844949,1]},{"t":47.9999958454548}],"ix":4},"o":{"a":0,"k":100,"ix":5},"r":1,"bm":0,"nm":"Fill 1","mn":"ADBE Vector Graphic - Fill","hd":false},{"ty":"tr","p":{"a":0,"k":[29.1,38.3],"ix":2},"a":{"a":0,"k":[-9,-13],"ix":1},"s":{"a":0,"k":[100,100],"ix":3},"r":{"a":1,"k":[{"i":{"x":[0.833],"y":[0.833]},"o":{"x":[0.167],"y":[0.167]},"t":4,"s":[0],"e":[120]},{"i":{"x":[0.833],"y":[0.833]},"o":{"x":[0.167],"y":[0.167]},"t":12,"s":[120],"e":[120]},{"i":{"x":[0.833],"y":[0.833]},"o":{"x":[0.167],"y":[0.167]},"t":40,"s":[120],"e":[360]},{"t":47.9999958454548}],"ix":6},"o":{"a":0,"k":100,"ix":7},"sk":{"a":0,"k":0,"ix":4},"sa":{"a":0,"k":0,"ix":5},"nm":"Transform"}],"nm":"short pointer","np":2,"cix":2,"bm":0,"ix":2,"mn":"ADBE Vector Group","hd":false},{"ty":"gr","it":[{"ind":0,"ty":"sh","ix":1,"ks":{"a":0,"k":{"i":[[1.104,0],[0,0],[0,1.104],[0,0],[-1.104,0],[0,-1.104],[0,0]],"o":[[0,0],[-1.104,0],[0,0],[0,-1.104],[1.104,0],[0,0],[0,1.104]],"v":[[0,19],[0,19],[-2,17],[-2,-17],[0,-19],[2,-17],[2,17]],"c":true},"ix":2},"nm":"Path 1","mn":"ADBE Vector Shape - Group","hd":false},{"ty":"fl","c":{"a":1,"k":[{"i":{"x":[0.833],"y":[0.833]},"o":{"x":[0.167],"y":[0.167]},"t":4,"s":[0.219607844949,0.219607844949,0.219607844949,1],"e":[0.015686275437,0.313725501299,0.329411774874,1]},{"i":{"x":[0.833],"y":[0.833]},"o":{"x":[0.167],"y":[0.167]},"t":12,"s":[0.015686275437,0.313725501299,0.329411774874,1],"e":[0.015686275437,0.313725501299,0.329411774874,1]},{"i":{"x":[0.833],"y":[0.833]},"o":{"x":[0.167],"y":[0.167]},"t":40,"s":[0.015686275437,0.313725501299,0.329411774874,1],"e":[0.219607844949,0.219607844949,0.219607844949,1]},{"t":47.9999958454548}],"ix":4},"o":{"a":0,"k":100,"ix":5},"r":1,"bm":0,"nm":"Fill 1","mn":"ADBE Vector Graphic - Fill","hd":false},{"ty":"tr","p":{"a":0,"k":[29.08,19.25],"ix":2},"a":{"a":0,"k":[0,0],"ix":1},"s":{"a":0,"k":[100,100],"ix":3},"r":{"a":0,"k":0,"ix":6},"o":{"a":0,"k":100,"ix":7},"sk":{"a":0,"k":0,"ix":4},"sa":{"a":0,"k":0,"ix":5},"nm":"Transform"}],"nm":"Group 3","np":2,"cix":2,"bm":0,"ix":3,"mn":"ADBE Vector Group","hd":false}],"ip":0,"op":71.9999937681822,"st":0,"bm":0},{"ddd":0,"ind":2,"ty":4,"nm":"ring head Outlines","sr":1,"ks":{"o":{"a":0,"k":100,"ix":11},"r":{"a":1,"k":[{"i":{"x":[0.833],"y":[0.833]},"o":{"x":[0.167],"y":[0.167]},"t":0,"s":[0],"e":[10]},{"i":{"x":[0.833],"y":[0.833]},"o":{"x":[0.167],"y":[0.167]},"t":1,"s":[10],"e":[-10]},{"i":{"x":[0.833],"y":[0.833]},"o":{"x":[0.167],"y":[0.167]},"t":3,"s":[-10],"e":[0]},{"i":{"x":[0.833],"y":[0.833]},"o":{"x":[0.167],"y":[0.167]},"t":4,"s":[0],"e":[0]},{"i":{"x":[0.833],"y":[0.833]},"o":{"x":[0.167],"y":[0.167]},"t":12,"s":[0],"e":[10]},{"i":{"x":[0.833],"y":[0.833]},"o":{"x":[0.167],"y":[0.167]},"t":13,"s":[10],"e":[-10]},{"i":{"x":[0.833],"y":[0.833]},"o":{"x":[0.167],"y":[0.167]},"t":15,"s":[-10],"e":[0]},{"i":{"x":[0.833],"y":[0.833]},"o":{"x":[0.167],"y":[0.167]},"t":16,"s":[0],"e":[0]},{"i":{"x":[0.833],"y":[0.833]},"o":{"x":[0.167],"y":[0.167]},"t":36,"s":[0],"e":[10]},{"i":{"x":[0.833],"y":[0.833]},"o":{"x":[0.167],"y":[0.167]},"t":37,"s":[10],"e":[-10]},{"i":{"x":[0.833],"y":[0.833]},"o":{"x":[0.167],"y":[0.167]},"t":39,"s":[-10],"e":[0]},{"i":{"x":[0.833],"y":[0.833]},"o":{"x":[0.167],"y":[0.167]},"t":40,"s":[0],"e":[0]},{"i":{"x":[0.833],"y":[0.833]},"o":{"x":[0.167],"y":[0.167]},"t":48,"s":[0],"e":[-10]},{"i":{"x":[0.833],"y":[0.833]},"o":{"x":[0.167],"y":[0.167]},"t":49,"s":[-10],"e":[10]},{"i":{"x":[0.833],"y":[0.833]},"o":{"x":[0.167],"y":[0.167]},"t":51,"s":[10],"e":[0]},{"t":51.9999954992427}],"ix":10},"p":{"a":0,"k":[183.711,150,0],"ix":2},"a":{"a":0,"k":[71.447,78,0],"ix":1},"s":{"a":0,"k":[100,100,100],"ix":6}},"ao":0,"shapes":[{"ty":"gr","it":[{"ind":0,"ty":"sh","ix":1,"ks":{"a":0,"k":{"i":[[12.048,8.437],[8.436,-12.048],[0,0]],"o":[[-12.048,-8.436],[0,0],[8.437,-12.048]],"v":[[56.22,-14.327],[19.13,-7.787],[62.76,22.763]],"c":true},"ix":2},"nm":"Path 1","mn":"ADBE Vector Shape - Group","hd":false},{"ind":1,"ty":"sh","ix":2,"ks":{"a":0,"k":{"i":[[-8.436,-12.048],[0,0],[-12.048,8.437]],"o":[[0,0],[-8.436,-12.048],[12.048,-8.436]],"v":[[-19.131,-7.787],[-62.76,22.763],[-56.221,-14.327]],"c":true},"ix":2},"nm":"Path 2","mn":"ADBE Vector Shape - Group","hd":false},{"ty":"mm","mm":1,"nm":"Merge Paths 1","mn":"ADBE Vector Filter - Merge","hd":false},{"ty":"gf","o":{"a":0,"k":100,"ix":10},"r":1,"bm":0,"g":{"p":3,"k":{"a":1,"k":[{"i":{"x":0.833,"y":0.833},"o":{"x":0.167,"y":0.167},"t":4,"s":[0,0.8,0.8,0.8,0.5,0.651,0.651,0.651,1,0.502,0.502,0.502],"e":[0,0,0.877,0.655,0.5,0,0.817,0.61,1,0,0.757,0.565]},{"i":{"x":0.833,"y":0.833},"o":{"x":0.167,"y":0.167},"t":12,"s":[0,0,0.877,0.655,0.5,0,0.817,0.61,1,0,0.757,0.565],"e":[0,0,0.877,0.655,0.5,0,0.817,0.61,1,0,0.757,0.565]},{"i":{"x":0.833,"y":0.833},"o":{"x":0.167,"y":0.167},"t":40,"s":[0,0,0.877,0.655,0.5,0,0.817,0.61,1,0,0.757,0.565],"e":[0,0.8,0.8,0.8,0.5,0.651,0.651,0.651,1,0.502,0.502,0.502]},{"t":47.9999958454548}],"ix":9}},"s":{"a":0,"k":[0.143,-18.787],"ix":5},"e":{"a":0,"k":[-0.365,22.809],"ix":6},"t":1,"nm":"Gradient Fill 1","mn":"ADBE Vector Graphic - G-Fill","hd":false},{"ty":"tr","p":{"a":0,"k":[71.446,23.013],"ix":2},"a":{"a":0,"k":[0,0],"ix":1},"s":{"a":0,"k":[100,100],"ix":3},"r":{"a":0,"k":0,"ix":6},"o":{"a":0,"k":100,"ix":7},"sk":{"a":0,"k":0,"ix":4},"sa":{"a":0,"k":0,"ix":5},"nm":"Transform"}],"nm":"Group 1","np":4,"cix":2,"bm":0,"ix":1,"mn":"ADBE Vector Group","hd":false}],"ip":0,"op":71.9999937681822,"st":0,"bm":0},{"ddd":0,"ind":3,"ty":4,"nm":"clock panel Outlines","sr":1,"ks":{"o":{"a":0,"k":100,"ix":11},"r":{"a":0,"k":0,"ix":10},"p":{"a":0,"k":[183.711,150,0],"ix":2},"a":{"a":0,"k":[45.25,45.25,0],"ix":1},"s":{"a":0,"k":[100,100,100],"ix":6}},"ao":0,"shapes":[{"ty":"gr","it":[{"ind":0,"ty":"sh","ix":1,"ks":{"a":0,"k":{"i":[[0,-24.853],[24.853,0],[0,24.853],[-24.853,0]],"o":[[0,24.853],[-24.853,0],[0,-24.853],[24.853,0]],"v":[[45,0],[0,45],[-45,0],[0,-45]],"c":true},"ix":2},"nm":"Path 1","mn":"ADBE Vector Shape - Group","hd":false},{"ty":"fl","c":{"a":0,"k":[0.915456473827,0.915456473827,0.915456473827,1],"ix":4},"o":{"a":0,"k":100,"ix":5},"r":1,"bm":0,"nm":"Fill 1","mn":"ADBE Vector Graphic - Fill","hd":false},{"ty":"tr","p":{"a":0,"k":[45.25,45.25],"ix":2},"a":{"a":0,"k":[0,0],"ix":1},"s":{"a":0,"k":[100,100],"ix":3},"r":{"a":0,"k":0,"ix":6},"o":{"a":0,"k":100,"ix":7},"sk":{"a":0,"k":0,"ix":4},"sa":{"a":0,"k":0,"ix":5},"nm":"Transform"}],"nm":"Group 1","np":2,"cix":2,"bm":0,"ix":1,"mn":"ADBE Vector Group","hd":false}],"ip":0,"op":71.9999937681822,"st":0,"bm":0},{"ddd":0,"ind":4,"ty":4,"nm":"body Outlines","sr":1,"ks":{"o":{"a":0,"k":100,"ix":11},"r":{"a":0,"k":0,"ix":10},"p":{"a":0,"k":[183.711,151.957,0],"ix":2},"a":{"a":0,"k":[57.75,59.707,0],"ix":1},"s":{"a":0,"k":[100,100,100],"ix":6}},"ao":0,"shapes":[{"ty":"gr","it":[{"ind":0,"ty":"sh","ix":1,"ks":{"a":0,"k":{"i":[[0,0],[0,14.127],[31.756,0],[0,-31.757],[-8.452,-10.01],[0,0],[-0.87,-0.503],[0,0],[-0.682,0.849],[0,0],[-10.936,0],[-8.704,5.3],[0,0],[-0.87,0.502],[0,0],[0.395,1.015]],"o":[[8.452,-10.01],[0,-31.757],[-31.757,0],[0,14.127],[0,0],[-0.395,1.015],[0,0],[0.869,0.502],[0,0],[8.704,5.3],[10.935,0],[0,0],[0.68,0.849],[0,0],[0.87,-0.503],[0,0]],"v":[[43.944,35.109],[57.5,-1.956],[0,-59.456],[-57.5,-1.956],[-43.945,35.109],[-50.379,51.632],[-49.515,54.39],[-41.609,58.954],[-38.789,58.323],[-29.863,47.189],[0,55.544],[29.861,47.189],[38.789,58.323],[41.608,58.954],[49.514,54.39],[50.378,51.632]],"c":true},"ix":2},"nm":"Path 1","mn":"ADBE Vector Shape - Group","hd":false},{"ty":"gf","o":{"a":0,"k":100,"ix":10},"r":1,"bm":0,"g":{"p":3,"k":{"a":1,"k":[{"i":{"x":0.833,"y":0.833},"o":{"x":0.167,"y":0.167},"t":4,"s":[0,0.8,0.8,0.8,0.5,0.651,0.651,0.651,1,0.502,0.502,0.502],"e":[0,0,0.757,0.565,0.5,0,0.814,0.608,1,0,0.871,0.651]},{"i":{"x":0.833,"y":0.833},"o":{"x":0.167,"y":0.167},"t":12,"s":[0,0,0.757,0.565,0.5,0,0.814,0.608,1,0,0.871,0.651],"e":[0,0,0.757,0.565,0.5,0,0.814,0.608,1,0,0.871,0.651]},{"i":{"x":0.833,"y":0.833},"o":{"x":0.167,"y":0.167},"t":40,"s":[0,0,0.757,0.565,0.5,0,0.814,0.608,1,0,0.871,0.651],"e":[0,0.8,0.8,0.8,0.5,0.651,0.651,0.651,1,0.502,0.502,0.502]},{"t":47.9999958454548}],"ix":9}},"s":{"a":0,"k":[-6.666,-58.248],"ix":5},"e":{"a":0,"k":[0.48,59.863],"ix":6},"t":1,"nm":"Gradient Fill 1","mn":"ADBE Vector Graphic - G-Fill","hd":false},{"ty":"tr","p":{"a":0,"k":[57.75,59.707],"ix":2},"a":{"a":0,"k":[0,0],"ix":1},"s":{"a":0,"k":[100,100],"ix":3},"r":{"a":0,"k":0,"ix":6},"o":{"a":0,"k":100,"ix":7},"sk":{"a":0,"k":0,"ix":4},"sa":{"a":0,"k":0,"ix":5},"nm":"Transform"}],"nm":"Group 1","np":2,"cix":2,"bm":0,"ix":1,"mn":"ADBE Vector Group","hd":false}],"ip":0,"op":71.9999937681822,"st":0,"bm":0}]}],"layers":[{"ddd":0,"ind":1,"ty":0,"nm":"clock","refId":"comp_0","sr":1,"ks":{"o":{"a":0,"k":100,"ix":11},"r":{"a":1,"k":[{"i":{"x":[0.833],"y":[0.833]},"o":{"x":[0.167],"y":[0.167]},"t":0,"s":[0],"e":[5]},{"i":{"x":[0.833],"y":[0.833]},"o":{"x":[0.167],"y":[0.167]},"t":1,"s":[5],"e":[-5]},{"i":{"x":[0.833],"y":[0.833]},"o":{"x":[0.167],"y":[0.167]},"t":3,"s":[-5],"e":[0]},{"i":{"x":[0.833],"y":[0.833]},"o":{"x":[0.167],"y":[0.167]},"t":4,"s":[0],"e":[0]},{"i":{"x":[0.833],"y":[0.833]},"o":{"x":[0.167],"y":[0.167]},"t":12,"s":[0],"e":[5]},{"i":{"x":[0.833],"y":[0.833]},"o":{"x":[0.167],"y":[0.167]},"t":13,"s":[5],"e":[-5]},{"i":{"x":[0.833],"y":[0.833]},"o":{"x":[0.167],"y":[0.167]},"t":15,"s":[-5],"e":[0]},{"i":{"x":[0.833],"y":[0.833]},"o":{"x":[0.167],"y":[0.167]},"t":16,"s":[0],"e":[0]},{"i":{"x":[0.833],"y":[0.833]},"o":{"x":[0.167],"y":[0.167]},"t":36,"s":[0],"e":[5]},{"i":{"x":[0.833],"y":[0.833]},"o":{"x":[0.167],"y":[0.167]},"t":37,"s":[5],"e":[-5]},{"i":{"x":[0.833],"y":[0.833]},"o":{"x":[0.167],"y":[0.167]},"t":39,"s":[-5],"e":[0]},{"i":{"x":[0.833],"y":[0.833]},"o":{"x":[0.167],"y":[0.167]},"t":40,"s":[0],"e":[0]},{"i":{"x":[0.833],"y":[0.833]},"o":{"x":[0.167],"y":[0.167]},"t":48,"s":[0],"e":[5]},{"i":{"x":[0.833],"y":[0.833]},"o":{"x":[0.167],"y":[0.167]},"t":49,"s":[5],"e":[-5]},{"i":{"x":[0.833],"y":[0.833]},"o":{"x":[0.167],"y":[0.167]},"t":51,"s":[-5],"e":[0]},{"t":51.9999954992427}],"ix":10},"p":{"a":1,"k":[{"i":{"x":0.833,"y":1},"o":{"x":0.333,"y":0},"t":0,"s":[180,100,0],"e":[190,100,0],"to":[1.667,0,0],"ti":[16.667,0,0]},{"i":{"x":0.667,"y":1},"o":{"x":0.333,"y":0},"t":4,"s":[190,100,0],"e":[80,100,0],"to":[-16.667,0,0],"ti":[16.667,0,0]},{"i":{"x":0.667,"y":1},"o":{"x":0.333,"y":0},"t":12,"s":[80,100,0],"e":[90,100,0],"to":[-16.667,0,0],"ti":[-1.667,0,0]},{"i":{"x":0.667,"y":0.667},"o":{"x":0.167,"y":0.167},"t":16,"s":[90,100,0],"e":[90,100,0],"to":[0,0,0],"ti":[0,0,0]},{"i":{"x":0.667,"y":1},"o":{"x":0.167,"y":0},"t":36,"s":[90,100,0],"e":[80,100,0],"to":[-1.667,0,0],"ti":[-16.667,0,0]},{"i":{"x":0.667,"y":1},"o":{"x":0.167,"y":0},"t":40,"s":[80,100,0],"e":[190,100,0],"to":[16.667,0,0],"ti":[-16.667,0,0]},{"i":{"x":0.667,"y":1},"o":{"x":0.167,"y":0},"t":48,"s":[190,100,0],"e":[180,100,0],"to":[16.667,0,0],"ti":[1.667,0,0]},{"t":51.9999954992427}],"ix":2},"a":{"a":0,"k":[180,150,0],"ix":1},"s":{"a":1,"k":[{"i":{"x":[0.833,0.833,0.833],"y":[0.833,0.833,0.833]},"o":{"x":[0.167,0.167,0.167],"y":[0.167,0.167,0.167]},"t":0,"s":[100,100,100],"e":[105,105,100]},{"i":{"x":[0.833,0.833,0.833],"y":[0.833,0.833,0.833]},"o":{"x":[0.167,0.167,0.167],"y":[0.167,0.167,0.167]},"t":2,"s":[105,105,100],"e":[100,100,100]},{"i":{"x":[0.833,0.833,0.833],"y":[0.833,0.833,0.833]},"o":{"x":[0.167,0.167,0.167],"y":[0.167,0.167,0.167]},"t":4,"s":[100,100,100],"e":[100,100,100]},{"i":{"x":[0.833,0.833,0.833],"y":[0.833,0.833,0.833]},"o":{"x":[0.167,0.167,0.167],"y":[0.167,0.167,0.167]},"t":12,"s":[100,100,100],"e":[95,95,100]},{"i":{"x":[0.833,0.833,0.833],"y":[0.833,0.833,0.833]},"o":{"x":[0.167,0.167,0.167],"y":[0.167,0.167,0.167]},"t":14,"s":[95,95,100],"e":[100,100,100]},{"i":{"x":[0.833,0.833,0.833],"y":[0.833,0.833,0.833]},"o":{"x":[0.167,0.167,0.167],"y":[0.167,0.167,0.167]},"t":16,"s":[100,100,100],"e":[100,100,100]},{"i":{"x":[0.833,0.833,0.833],"y":[0.833,0.833,0.833]},"o":{"x":[0.167,0.167,0.167],"y":[0.167,0.167,0.167]},"t":36,"s":[100,100,100],"e":[105,105,100]},{"i":{"x":[0.833,0.833,0.833],"y":[0.833,0.833,0.833]},"o":{"x":[0.167,0.167,0.167],"y":[0.167,0.167,0.167]},"t":38,"s":[105,105,100],"e":[100,100,100]},{"i":{"x":[0.833,0.833,0.833],"y":[0.833,0.833,0.833]},"o":{"x":[0.167,0.167,0.167],"y":[0.167,0.167,0.167]},"t":40,"s":[100,100,100],"e":[100,100,100]},{"i":{"x":[0.833,0.833,0.833],"y":[0.833,0.833,0.833]},"o":{"x":[0.167,0.167,0.167],"y":[0.167,0.167,0.167]},"t":48,"s":[100,100,100],"e":[95,95,100]},{"i":{"x":[0.833,0.833,0.833],"y":[0.833,0.833,0.833]},"o":{"x":[0.167,0.167,0.167],"y":[0.167,0.167,0.167]},"t":50,"s":[95,95,100],"e":[100,100,100]},{"t":51.9999954992427}],"ix":6}},"ao":0,"w":300,"h":300,"ip":0,"op":71.9999937681822,"st":0,"bm":0},{"ddd":0,"ind":2,"ty":4,"nm":"in and out","sr":1,"ks":{"o":{"a":1,"k":[{"i":{"x":[0.833],"y":[0.833]},"o":{"x":[0.167],"y":[0.167]},"t":6,"s":[100],"e":[0]},{"i":{"x":[0.833],"y":[0.833]},"o":{"x":[0.167],"y":[0.167]},"t":8,"s":[0],"e":[100]},{"i":{"x":[0.833],"y":[0.833]},"o":{"x":[0.167],"y":[0.167]},"t":10,"s":[100],"e":[100]},{"i":{"x":[0.833],"y":[0.833]},"o":{"x":[0.167],"y":[0.167]},"t":42,"s":[100],"e":[0]},{"i":{"x":[0.833],"y":[0.833]},"o":{"x":[0.167],"y":[0.167]},"t":44,"s":[0],"e":[100]},{"t":45.9999960185609}],"ix":11},"r":{"a":0,"k":0,"ix":10},"p":{"a":0,"k":[132.011,100,0],"ix":2},"a":{"a":0,"k":[66.951,11.207,0],"ix":1},"s":{"a":0,"k":[111,111,100],"ix":6}},"ao":0,"shapes":[{"ty":"gr","it":[{"ind":0,"ty":"sh","ix":1,"ks":{"a":0,"k":{"i":[[0,0],[0,0],[0,0],[0,0],[0,0],[0,0],[0,0],[0,0],[0,0],[0,0]],"o":[[0,0],[0,0],[0,0],[0,0],[0,0],[0,0],[0,0],[0,0],[0,0],[0,0]],"v":[[8.672,10.664],[4.277,10.664],[-4.277,-3.369],[-4.277,10.664],[-8.672,10.664],[-8.672,-10.664],[-4.277,-10.664],[4.292,3.398],[4.292,-10.664],[8.672,-10.664]],"c":true},"ix":2},"nm":"Path 1","mn":"ADBE Vector Shape - Group","hd":false},{"ty":"fl","c":{"a":0,"k":[1,1,1,1],"ix":4},"o":{"a":0,"k":100,"ix":5},"r":1,"bm":0,"nm":"Fill 1","mn":"ADBE Vector Graphic - Fill","hd":false},{"ty":"tr","p":{"a":0,"k":[117.98,11.207],"ix":2},"a":{"a":0,"k":[0,0],"ix":1},"s":{"a":0,"k":[100,100],"ix":3},"r":{"a":0,"k":0,"ix":6},"o":{"a":0,"k":100,"ix":7},"sk":{"a":0,"k":0,"ix":4},"sa":{"a":0,"k":0,"ix":5},"nm":"Transform"}],"nm":"Group 1","np":2,"cix":2,"bm":0,"ix":1,"mn":"ADBE Vector Group","hd":false},{"ty":"gr","it":[{"ind":0,"ty":"sh","ix":1,"ks":{"a":0,"k":{"i":[[0,0],[0,0],[0,0],[0,0]],"o":[[0,0],[0,0],[0,0],[0,0]],"v":[[2.198,10.664],[-2.198,10.664],[-2.198,-10.664],[2.198,-10.664]],"c":true},"ix":2},"nm":"Path 1","mn":"ADBE Vector Shape - Group","hd":false},{"ty":"fl","c":{"a":0,"k":[1,1,1,1],"ix":4},"o":{"a":0,"k":100,"ix":5},"r":1,"bm":0,"nm":"Fill 1","mn":"ADBE Vector Graphic - Fill","hd":false},{"ty":"tr","p":{"a":0,"k":[103.039,11.207],"ix":2},"a":{"a":0,"k":[0,0],"ix":1},"s":{"a":0,"k":[100,100],"ix":3},"r":{"a":0,"k":0,"ix":6},"o":{"a":0,"k":100,"ix":7},"sk":{"a":0,"k":0,"ix":4},"sa":{"a":0,"k":0,"ix":5},"nm":"Transform"}],"nm":"Group 2","np":2,"cix":2,"bm":0,"ix":2,"mn":"ADBE Vector Group","hd":false},{"ty":"gr","it":[{"ind":0,"ty":"sh","ix":1,"ks":{"a":0,"k":{"i":[[0,0],[0,0],[0,0],[0,0],[0,0],[0,0],[0,0],[0,0]],"o":[[0,0],[0,0],[0,0],[0,0],[0,0],[0,0],[0,0],[0,0]],"v":[[8.687,-7.105],[2.154,-7.105],[2.154,10.665],[-2.242,10.665],[-2.242,-7.105],[-8.687,-7.105],[-8.687,-10.665],[8.687,-10.665]],"c":true},"ix":2},"nm":"Path 1","mn":"ADBE Vector Shape - Group","hd":false},{"ty":"fl","c":{"a":0,"k":[0.501999978458,0.501999978458,0.501999978458,1],"ix":4},"o":{"a":0,"k":100,"ix":5},"r":1,"bm":0,"nm":"Fill 1","mn":"ADBE Vector Graphic - Fill","hd":false},{"ty":"tr","p":{"a":0,"k":[48.722,11.207],"ix":2},"a":{"a":0,"k":[0,0],"ix":1},"s":{"a":0,"k":[100,100],"ix":3},"r":{"a":0,"k":0,"ix":6},"o":{"a":0,"k":100,"ix":7},"sk":{"a":0,"k":0,"ix":4},"sa":{"a":0,"k":0,"ix":5},"nm":"Transform"}],"nm":"Group 3","np":2,"cix":2,"bm":0,"ix":3,"mn":"ADBE Vector Group","hd":false},{"ty":"gr","it":[{"ind":0,"ty":"sh","ix":1,"ks":{"a":0,"k":{"i":[[0,0],[0,0],[1.46,-1.357],[2.529,0],[1.464,1.318],[0.03,2.305],[0,0],[0,0],[0,0],[-0.669,-0.639],[-1.181,0],[-0.039,2.598],[0,0]],"o":[[0,0],[0,2.334],[-1.46,1.357],[-2.49,0],[-1.465,-1.319],[0,0],[0,0],[0,0],[0,1.397],[0.669,0.64],[2.471,0],[0,0],[0,0]],"v":[[8.174,-10.811],[8.174,3.238],[5.984,8.775],[0,10.811],[-5.932,8.834],[-8.174,3.398],[-8.174,-10.811],[-3.779,-10.811],[-3.779,3.267],[-2.776,6.321],[0,7.281],[3.765,3.383],[3.765,-10.811]],"c":true},"ix":2},"nm":"Path 1","mn":"ADBE Vector Shape - Group","hd":false},{"ty":"fl","c":{"a":0,"k":[0.501999978458,0.501999978458,0.501999978458,1],"ix":4},"o":{"a":0,"k":100,"ix":5},"r":1,"bm":0,"nm":"Fill 1","mn":"ADBE Vector Graphic - Fill","hd":false},{"ty":"tr","p":{"a":0,"k":[29.576,11.354],"ix":2},"a":{"a":0,"k":[0,0],"ix":1},"s":{"a":0,"k":[100,100],"ix":3},"r":{"a":0,"k":0,"ix":6},"o":{"a":0,"k":100,"ix":7},"sk":{"a":0,"k":0,"ix":4},"sa":{"a":0,"k":0,"ix":5},"nm":"Transform"}],"nm":"Group 4","np":2,"cix":2,"bm":0,"ix":4,"mn":"ADBE Vector Group","hd":false},{"ty":"gr","it":[{"ind":0,"ty":"sh","ix":1,"ks":{"a":0,"k":{"i":[[0,0],[0.801,1.162],[1.484,0],[0.801,-1.147],[0.01,-2.217],[0,0],[-0.8,-1.201],[-1.504,0],[-0.791,1.157],[-0.01,2.217]],"o":[[0,-2.236],[-0.801,-1.162],[-1.475,0],[-0.801,1.148],[0,0],[0,2.178],[0.801,1.201],[1.475,0],[0.791,-1.157],[0,0]],"v":[[4.629,-0.483],[3.428,-5.581],[0,-7.324],[-3.413,-5.603],[-4.629,-0.556],[-4.629,0.484],[-3.428,5.552],[0.029,7.354],[3.428,5.618],[4.629,0.557]],"c":true},"ix":2},"nm":"Path 1","mn":"ADBE Vector Shape - Group","hd":false},{"ind":1,"ty":"sh","ix":2,"ks":{"a":0,"k":{"i":[[0,0],[0.742,-1.582],[1.382,-0.859],[1.787,0],[1.387,0.85],[0.762,1.577],[0.01,2.051],[0,0],[-0.757,1.597],[-1.382,0.855],[-1.777,0],[-1.382,-0.854],[-0.757,-1.597],[0,-2.09]],"o":[[0,2.099],[-0.742,1.582],[-1.382,0.86],[-1.767,0],[-1.387,-0.85],[-0.761,-1.577],[0,0],[0,-2.099],[0.757,-1.597],[1.382,-0.854],[1.777,0],[1.382,0.855],[0.757,1.597],[0,0]],"v":[[9.082,0.484],[7.969,6.006],[4.783,9.668],[0.029,10.957],[-4.702,9.683],[-7.925,6.043],[-9.082,0.601],[-9.082,-0.454],[-7.947,-5.998],[-4.739,-9.675],[0,-10.957],[4.739,-9.675],[7.947,-5.998],[9.082,-0.468]],"c":true},"ix":2},"nm":"Path 2","mn":"ADBE Vector Shape - Group","hd":false},{"ty":"mm","mm":1,"nm":"Merge Paths 1","mn":"ADBE Vector Filter - Merge","hd":false},{"ty":"fl","c":{"a":0,"k":[0.501999978458,0.501999978458,0.501999978458,1],"ix":4},"o":{"a":0,"k":100,"ix":5},"r":1,"bm":0,"nm":"Fill 1","mn":"ADBE Vector Graphic - Fill","hd":false},{"ty":"tr","p":{"a":0,"k":[9.332,11.207],"ix":2},"a":{"a":0,"k":[0,0],"ix":1},"s":{"a":0,"k":[100,100],"ix":3},"r":{"a":0,"k":0,"ix":6},"o":{"a":0,"k":100,"ix":7},"sk":{"a":0,"k":0,"ix":4},"sa":{"a":0,"k":0,"ix":5},"nm":"Transform"}],"nm":"Group 5","np":4,"cix":2,"bm":0,"ix":5,"mn":"ADBE Vector Group","hd":false}],"ip":0,"op":71.9999937681822,"st":0,"bm":0},{"ddd":0,"ind":3,"ty":4,"nm":"btn Outlines","sr":1,"ks":{"o":{"a":0,"k":100,"ix":11},"r":{"a":0,"k":0,"ix":10},"p":{"a":0,"k":[138.711,100,0],"ix":2},"a":{"a":0,"k":[90.25,45.25,0],"ix":1},"s":{"a":0,"k":[100,100,100],"ix":6}},"ao":0,"shapes":[{"ty":"gr","it":[{"ind":0,"ty":"sh","ix":1,"ks":{"a":0,"k":{"i":[[24.189,0],[0,0],[0,24.19],[0,0],[-24.19,0],[0,0],[0,-24.19],[0,0]],"o":[[0,0],[-24.19,0],[0,0],[0,-24.19],[0,0],[24.189,0],[0,0],[0,24.19]],"v":[[46.2,45],[-46.201,45],[-90,1.2],[-90,-1.2],[-46.201,-45],[46.2,-45],[90,-1.2],[90,1.2]],"c":true},"ix":2},"nm":"Path 1","mn":"ADBE Vector Shape - Group","hd":false},{"ty":"gf","o":{"a":0,"k":100,"ix":10},"r":1,"bm":0,"g":{"p":3,"k":{"a":1,"k":[{"i":{"x":0.833,"y":0.833},"o":{"x":0.167,"y":0.167},"t":4,"s":[0.45,0.22,0.218,0.218,0.5,0.22,0.219,0.219,0.55,0.22,0.22,0.22],"e":[0.45,0.22,0.22,0.22,0.5,0.118,0.266,0.274,0.55,0.017,0.312,0.328]},{"i":{"x":0.833,"y":0.833},"o":{"x":0.167,"y":0.167},"t":9,"s":[0.45,0.22,0.22,0.22,0.5,0.118,0.266,0.274,0.55,0.017,0.312,0.328],"e":[0.45,0.016,0.314,0.329,0.5,0.016,0.314,0.329,0.55,0.016,0.314,0.329]},{"i":{"x":0.833,"y":0.833},"o":{"x":0.167,"y":0.167},"t":12,"s":[0.45,0.016,0.314,0.329,0.5,0.016,0.314,0.329,0.55,0.016,0.314,0.329],"e":[0.45,0.016,0.314,0.329,0.5,0.016,0.314,0.329,0.55,0.016,0.314,0.329]},{"i":{"x":0.833,"y":0.833},"o":{"x":0.167,"y":0.167},"t":40,"s":[0.45,0.016,0.314,0.329,0.5,0.016,0.314,0.329,0.55,0.016,0.314,0.329],"e":[0.449,0.22,0.22,0.22,0.501,0.118,0.267,0.275,0.552,0.016,0.314,0.329]},{"i":{"x":0.833,"y":0.833},"o":{"x":0.167,"y":0.167},"t":44,"s":[0.449,0.22,0.22,0.22,0.501,0.118,0.267,0.275,0.552,0.016,0.314,0.329],"e":[0.45,0.22,0.22,0.22,0.5,0.22,0.22,0.22,0.55,0.22,0.22,0.22]},{"t":47.9999958454548}],"ix":9}},"s":{"a":0,"k":[-89.828,0.564],"ix":5},"e":{"a":0,"k":[90.58,0.568],"ix":6},"t":1,"nm":"Gradient Fill 1","mn":"ADBE Vector Graphic - G-Fill","hd":false},{"ty":"tr","p":{"a":0,"k":[90.25,45.25],"ix":2},"a":{"a":0,"k":[0,0],"ix":1},"s":{"a":0,"k":[100,100],"ix":3},"r":{"a":0,"k":0,"ix":6},"o":{"a":0,"k":100,"ix":7},"sk":{"a":0,"k":0,"ix":4},"sa":{"a":0,"k":0,"ix":5},"nm":"Transform"}],"nm":"Group 1","np":2,"cix":2,"bm":0,"ix":1,"mn":"ADBE Vector Group","hd":false}],"ip":0,"op":71.9999937681822,"st":0,"bm":0}],"markers":[]}